start_time,axis1,axis2,axis3,steps
2015-02-08 14:00:00,2288,2081,3674,26
2015-02-08 14:01:00,2365,3143,5483,23
2015-02-08 14:02:00,3044,2486,3321,18
2015-02-08 14:03:00,1866,2707,7539,18
2015-02-08 14:04:00,2084,2566,3731,17
2015-02-08 14:05:00,864,896,1656,7
2015-02-08 14:06:00,139,414,475,4
2015-02-08 14:07:00,1399,993,974,6
2015-02-08 14:08:00,1003,1218,1334,7
2015-02-08 14:09:00,1374,1625,1212,3
2015-02-08 14:10:00,663,1795,2434,4
2015-02-08 14:11:00,2041,1685,1392,10
2015-02-08 14:12:00,662,566,890,13
2015-02-08 14:13:00,448,548,733,5
2015-02-08 14:14:00,2450,2249,2218,21
2015-02-08 14:15:00,1660,1830,2353,11
2015-02-08 14:16:00,1785,2610,4733,12
2015-02-08 14:17:00,2757,2661,3252,14
2015-02-08 14:18:00,3834,4044,3678,22
2015-02-08 14:19:00,7578,6300,5892,30
2015-02-08 14:20:00,4820,5251,5384,23
2015-02-08 14:21:00,6836,6148,7181,35
2015-02-08 14:22:00,5733,4965,5323,26
2015-02-08 14:23:00,2585,2209,2906,17
2015-02-08 14:24:00,3288,3645,3165,30
2015-02-08 14:25:00,2130,2564,2994,22
2015-02-08 14:26:00,783,877,2921,8
2015-02-08 14:27:00,678,715,1810,3
2015-02-08 14:28:00,402,467,2157,7
2015-02-08 14:29:00,1465,1232,2228,6
2015-02-08 14:30:00,367,630,1509,8
2015-02-08 14:31:00,919,1097,1161,5
2015-02-08 14:32:00,1124,1156,1526,6
2015-02-08 14:33:00,1460,2174,2171,11
2015-02-08 14:34:00,22,16,89,1
2015-02-08 14:35:00,248,239,1432,1
2015-02-08 14:36:00,148,791,2745,5
2015-02-08 14:37:00,84,143,841,2
2015-02-08 14:38:00,347,230,1200,5
2015-02-08 14:39:00,76,51,488,1
2015-02-08 14:40:00,1193,1584,1836,6
2015-02-08 14:41:00,155,175,694,4
2015-02-08 14:42:00,142,181,1051,2
2015-02-08 14:43:00,293,401,1881,2
2015-02-08 14:44:00,55,584,2718,1
2015-02-08 14:45:00,62,125,774,2
2015-02-08 14:46:00,414,1221,1847,3
2015-02-08 14:47:00,741,1247,2438,4
2015-02-08 14:48:00,100,280,1818,1
2015-02-08 14:49:00,44,9,137,1
2015-02-08 14:50:00,0,29,20,0
2015-02-08 14:51:00,1256,1361,2414,10
2015-02-08 14:52:00,680,17,1456,17
2015-02-08 14:53:00,157,90,699,5
2015-02-08 14:54:00,22,241,958,0
2015-02-08 14:55:00,184,486,1475,1
2015-02-08 14:56:00,698,733,2015,14
2015-02-08 14:57:00,53,255,1837,1
2015-02-08 14:58:00,152,394,1067,4
2015-02-08 14:59:00,1356,2113,2765,10
2015-02-08 15:00:00,710,1826,3477,6
2015-02-08 15:01:00,1741,2493,3139,23
2015-02-08 15:02:00,2471,1669,2684,29
2015-02-08 15:03:00,2348,2596,3497,29
2015-02-08 15:04:00,1027,2265,2831,9
2015-02-08 15:05:00,3664,4021,3930,16
2015-02-08 15:06:00,5751,5371,6146,26
2015-02-08 15:07:00,4128,3354,2877,13
2015-02-08 15:08:00,2428,1775,2474,38
2015-02-08 15:09:00,2200,1791,3478,20
2015-02-08 15:10:00,424,521,1366,7
2015-02-08 15:11:00,130,351,1381,2
2015-02-08 15:12:00,0,10,431,0
2015-02-08 15:13:00,3134,2634,3025,24
2015-02-08 15:14:00,2061,2381,4210,21
2015-02-08 15:15:00,550,305,365,3
2015-02-08 15:16:00,0,0,0,0
2015-02-08 15:17:00,1097,1206,1271,5
2015-02-08 15:18:00,210,215,391,1
2015-02-08 15:19:00,5,4,22,0
2015-02-08 15:20:00,2767,2084,2926,14
2015-02-08 15:21:00,3881,4596,5736,34
2015-02-08 15:22:00,3198,2207,2469,14
2015-02-08 15:23:00,5115,3327,2953,37
2015-02-08 15:24:00,6643,3625,2824,60
2015-02-08 15:25:00,3303,2043,1687,35
2015-02-08 15:26:00,734,305,903,10
2015-02-08 15:27:00,1449,1759,1059,6
2015-02-08 15:28:00,3164,1366,1125,7
2015-02-08 15:29:00,765,906,743,4
2015-02-08 15:30:00,2888,1590,1286,8
2015-02-08 15:31:00,3370,2421,1773,9
2015-02-08 15:32:00,1989,1149,1141,9
2015-02-08 15:33:00,1954,1005,899,9
2015-02-08 15:34:00,237,192,151,2
2015-02-08 15:35:00,1384,896,1297,37
2015-02-08 15:36:00,3139,1875,1835,73
2015-02-08 15:37:00,4543,2472,2602,47
2015-02-08 15:38:00,2142,1475,1723,36
2015-02-08 15:39:00,292,352,152,1
2015-02-08 15:40:00,992,1500,640,5
2015-02-08 15:41:00,778,425,399,1
2015-02-08 15:42:00,0,0,0,0
2015-02-08 15:43:00,36,93,65,1
2015-02-08 15:44:00,230,216,110,1
2015-02-08 15:45:00,0,0,0,0
2015-02-08 15:46:00,912,1162,614,3
2015-02-08 15:47:00,0,20,16,0
2015-02-08 15:48:00,19,141,59,1
2015-02-08 15:49:00,712,714,285,1
2015-02-08 15:50:00,0,46,0,0
2015-02-08 15:51:00,0,119,17,0
2015-02-08 15:52:00,0,1,0,0
2015-02-08 15:53:00,0,62,3,0
2015-02-08 15:54:00,0,51,17,0
2015-02-08 15:55:00,0,30,19,0
2015-02-08 15:56:00,456,262,588,2
2015-02-08 15:57:00,1062,1220,1643,6
2015-02-08 15:58:00,781,571,892,7
2015-02-08 15:59:00,410,741,467,4
2015-02-08 16:00:00,0,125,0,0
2015-02-08 16:01:00,680,994,813,6
2015-02-08 16:02:00,0,89,7,0
2015-02-08 16:03:00,174,385,574,1
2015-02-08 16:04:00,794,1150,649,4
2015-02-08 16:05:00,326,439,1949,5
2015-02-08 16:06:00,1465,911,990,5
2015-02-08 16:07:00,623,365,1121,4
2015-02-08 16:08:00,1714,1439,1626,10
2015-02-08 16:09:00,777,984,1594,6
2015-02-08 16:10:00,1260,1074,635,9
2015-02-08 16:11:00,642,389,1128,6
2015-02-08 16:12:00,325,266,645,8
2015-02-08 16:13:00,313,330,493,3
2015-02-08 16:14:00,501,480,635,7
2015-02-08 16:15:00,647,533,853,8
2015-02-08 16:16:00,1000,850,1352,10
2015-02-08 16:17:00,1249,757,834,8
2015-02-08 16:18:00,999,734,834,9
2015-02-08 16:19:00,275,227,107,2
2015-02-08 16:20:00,318,378,321,3
2015-02-08 16:21:00,765,554,336,5
2015-02-08 16:22:00,701,345,609,3
2015-02-08 16:23:00,210,572,376,2
2015-02-08 16:24:00,1147,2422,2069,10
2015-02-08 16:25:00,1699,3890,3330,6
2015-02-08 16:26:00,176,234,183,1
2015-02-08 16:27:00,0,18,65,0
2015-02-08 16:28:00,517,830,1249,3
2015-02-08 16:29:00,554,387,1031,4
2015-02-08 16:30:00,279,202,483,0
2015-02-08 16:31:00,0,0,0,0
2015-02-08 16:32:00,0,0,0,0
2015-02-08 16:33:00,2675,1936,2111,12
2015-02-08 16:34:00,3721,2761,2821,18
2015-02-08 16:35:00,25,252,292,1
2015-02-08 16:36:00,2775,2222,1605,12
2015-02-08 16:37:00,1990,1083,1696,34
2015-02-08 16:38:00,2346,2258,3805,22
2015-02-08 16:39:00,396,258,674,2
2015-02-08 16:40:00,440,219,312,1
2015-02-08 16:41:00,170,193,506,3
2015-02-08 16:42:00,855,877,678,4
2015-02-08 16:43:00,526,431,521,2
2015-02-08 16:44:00,911,585,626,4
2015-02-08 16:45:00,1680,1070,1078,7
2015-02-08 16:46:00,0,16,95,0
2015-02-08 16:47:00,913,1224,1742,6
2015-02-08 16:48:00,12,50,127,0
2015-02-08 16:49:00,0,0,0,0
2015-02-08 16:50:00,713,1248,1018,4
2015-02-08 16:51:00,961,1226,1006,8
2015-02-08 16:52:00,815,1113,792,4
2015-02-08 16:53:00,1119,846,583,4
2015-02-08 16:54:00,554,626,775,3
2015-02-08 16:55:00,613,756,636,6
2015-02-08 16:56:00,1142,1094,1599,12
2015-02-08 16:57:00,230,685,2795,9
2015-02-08 16:58:00,252,241,1072,1
2015-02-08 16:59:00,102,289,1515,2
2015-02-08 17:00:00,16,149,1145,0
2015-02-08 17:01:00,245,411,2757,3
2015-02-08 17:02:00,73,54,1108,1
2015-02-08 17:03:00,30,84,979,1
2015-02-08 17:04:00,39,44,995,1
2015-02-08 17:05:00,104,31,1491,2
2015-02-08 17:06:00,74,87,1375,1
2015-02-08 17:07:00,498,406,1515,2
2015-02-08 17:08:00,0,2,1166,0
2015-02-08 17:09:00,252,139,1261,2
2015-02-08 17:10:00,252,121,890,4
2015-02-08 17:11:00,21,241,1359,0
2015-02-08 17:12:00,772,1542,1176,6
2015-02-08 17:13:00,454,993,1057,4
2015-02-08 17:14:00,2765,2115,2608,18
2015-02-08 17:15:00,2595,1878,2339,23
2015-02-08 17:16:00,3326,1761,1708,34
2015-02-08 17:17:00,2696,1628,2473,35
2015-02-08 17:18:00,2148,1893,1544,14
2015-02-08 17:19:00,496,320,300,4
2015-02-08 17:20:00,0,140,4,0
2015-02-08 17:21:00,1320,693,994,4
2015-02-08 17:22:00,109,139,480,1
2015-02-08 17:23:00,253,158,133,0
2015-02-08 17:24:00,898,885,1503,7
2015-02-08 17:25:00,3437,1843,1701,9
2015-02-08 17:26:00,305,338,856,2
2015-02-08 17:27:00,1780,1540,1722,32
2015-02-08 17:28:00,1061,1289,1240,11
2015-02-08 17:29:00,242,351,349,8
2015-02-08 17:30:00,38,37,97,1
2015-02-08 17:31:00,26,32,120,2
2015-02-08 17:32:00,548,786,985,9
2015-02-08 17:33:00,4049,2237,3612,29
2015-02-08 17:34:00,6361,3830,3845,27
2015-02-08 17:35:00,6918,6394,7254,60
2015-02-08 17:36:00,9151,6901,4540,41
2015-02-08 17:37:00,980,888,1173,7
2015-02-08 17:38:00,1221,827,680,9
2015-02-08 17:39:00,1596,781,501,5
2015-02-08 17:40:00,1322,953,684,6
2015-02-08 17:41:00,1053,439,293,4
2015-02-08 17:42:00,2574,1767,2196,37
2015-02-08 17:43:00,2779,1615,1926,17
2015-02-08 17:44:00,1778,1047,1116,11
2015-02-08 17:45:00,3662,3160,4590,22
2015-02-08 17:46:00,4021,4057,3848,55
2015-02-08 17:47:00,3271,3364,3156,59
2015-02-08 17:48:00,6800,3776,3515,37
2015-02-08 17:49:00,4556,2792,3103,20
2015-02-08 17:50:00,2363,2103,4251,19
2015-02-08 17:51:00,2471,2943,2631,21
2015-02-08 17:52:00,2659,1513,2126,35
2015-02-08 17:53:00,4681,2616,2502,21
2015-02-08 17:54:00,4322,1758,1697,12
2015-02-08 17:55:00,2941,1505,1826,18
2015-02-08 17:56:00,2177,1680,2844,12
2015-02-08 17:57:00,1890,3099,2380,13
2015-02-08 17:58:00,86,118,424,1
2015-02-08 17:59:00,543,356,344,3
2015-02-08 18:00:00,343,614,464,4
2015-02-08 18:01:00,4863,3519,4552,27
2015-02-08 18:02:00,3445,3010,3363,18
2015-02-08 18:03:00,2587,3174,4024,20
2015-02-08 18:04:00,4060,4159,4573,31
2015-02-08 18:05:00,2723,4251,3643,28
2015-02-08 18:06:00,5550,5120,5876,35
2015-02-08 18:07:00,3669,3138,3206,31
2015-02-08 18:08:00,5312,4568,3610,39
2015-02-08 18:09:00,6007,6260,6935,40
2015-02-08 18:10:00,4178,3652,4171,42
2015-02-08 18:11:00,5848,7285,6421,35
2015-02-08 18:12:00,5046,4812,6156,39
2015-02-08 18:13:00,3101,3288,5356,30
2015-02-08 18:14:00,1457,3756,2030,23
2015-02-08 18:15:00,354,1460,4326,9
2015-02-08 18:16:00,1042,2083,2866,7
2015-02-08 18:17:00,1368,2917,3902,22
2015-02-08 18:18:00,2392,2421,2050,21
2015-02-08 18:19:00,244,822,1263,4
2015-02-08 18:20:00,3383,2202,2013,24
2015-02-08 18:21:00,3872,2625,3843,17
2015-02-08 18:22:00,4222,2547,3192,31
2015-02-08 18:23:00,2342,1459,1477,21
2015-02-08 18:24:00,3015,2026,1945,23
2015-02-08 18:25:00,5565,3055,4106,33
2015-02-08 18:26:00,3985,2557,2942,37
2015-02-08 18:27:00,7633,6289,4528,39
2015-02-08 18:28:00,12732,8371,6633,59
2015-02-08 18:29:00,1382,2030,1683,11
2015-02-08 18:30:00,11,34,40,0
2015-02-08 18:31:00,18,35,45,2
2015-02-08 18:32:00,2,37,247,0
2015-02-08 18:33:00,13,19,413,0
2015-02-08 18:34:00,14,11,94,1
2015-02-08 18:35:00,10,56,384,0
2015-02-08 18:36:00,805,965,794,7
2015-02-08 18:37:00,66,94,447,1
2015-02-08 18:38:00,7,35,137,0
2015-02-08 18:39:00,242,143,379,1
2015-02-08 18:40:00,0,0,0,0
2015-02-08 18:41:00,0,6,107,0
2015-02-08 18:42:00,304,1038,734,1
2015-02-08 18:43:00,277,189,344,2
2015-02-08 18:44:00,89,247,308,3
2015-02-08 18:45:00,64,164,158,1
2015-02-08 18:46:00,268,92,1119,2
2015-02-08 18:47:00,520,1045,765,4
2015-02-08 18:48:00,484,632,1907,6
2015-02-08 18:49:00,110,36,15,3
2015-02-08 18:50:00,13,7,16,1
2015-02-08 18:51:00,10,142,421,0
2015-02-08 18:52:00,295,504,1258,2
2015-02-08 18:53:00,1057,3674,4484,11
2015-02-08 18:54:00,1324,989,779,7
2015-02-08 18:55:00,14,35,25,0
2015-02-08 18:56:00,305,390,269,3
2015-02-08 18:57:00,692,788,1341,6
2015-02-08 18:58:00,12,57,49,0
2015-02-08 18:59:00,101,182,214,2
2015-02-08 19:00:00,4884,3043,2272,55
2015-02-08 19:01:00,5710,3344,4657,48
2015-02-08 19:02:00,3142,2515,4030,33
2015-02-08 19:03:00,3453,2039,2835,49
2015-02-08 19:04:00,3879,2233,2280,36
2015-02-08 19:05:00,2019,1193,1803,24
2015-02-08 19:06:00,2558,1343,2012,32
2015-02-08 19:07:00,3437,1778,2086,46
2015-02-08 19:08:00,1670,1195,1983,23
2015-02-08 19:09:00,3185,1659,2264,27
2015-02-08 19:10:00,3617,2603,2416,58
2015-02-08 19:11:00,871,1282,943,6
2015-02-08 19:12:00,509,386,166,5
2015-02-08 19:13:00,575,971,681,9
2015-02-08 19:14:00,990,1665,570,9
2015-02-08 19:15:00,4750,3204,2688,45
2015-02-08 19:16:00,2774,1560,1999,63
2015-02-08 19:17:00,1798,1067,2289,45
2015-02-08 19:18:00,3085,2169,2059,19
2015-02-08 19:19:00,2391,1831,2705,33
2015-02-08 19:20:00,3035,4147,4386,25
2015-02-08 19:21:00,4065,2674,2753,46
2015-02-08 19:22:00,3510,2333,3050,32
2015-02-08 19:23:00,3539,2071,3220,36
2015-02-08 19:24:00,1087,668,1202,10
2015-02-08 19:25:00,582,740,529,3
2015-02-08 19:26:00,3679,2308,2502,33
2015-02-08 19:27:00,2580,1360,1710,10
2015-02-08 19:28:00,238,357,195,5
2015-02-08 19:29:00,687,601,759,5
2015-02-08 19:30:00,20,100,34,0
2015-02-08 19:31:00,2391,1510,1812,6
2015-02-08 19:32:00,784,601,1253,7
2015-02-08 19:33:00,1074,1927,3232,7
2015-02-08 19:34:00,706,1000,2394,8
2015-02-08 19:35:00,889,859,1096,7
2015-02-08 19:36:00,190,202,288,4
2015-02-08 19:37:00,67,16,111,1
2015-02-08 19:38:00,487,313,435,3
2015-02-08 19:39:00,7255,5915,4012,46
2015-02-08 19:40:00,5519,3864,2031,57
2015-02-08 19:41:00,3162,2235,2227,24
2015-02-08 19:42:00,2011,1710,2583,44
2015-02-08 19:43:00,4779,2066,1828,41
2015-02-08 19:44:00,1743,1463,1708,22
2015-02-08 19:45:00,3777,3417,4306,30
2015-02-08 19:46:00,2581,2412,2968,27
2015-02-08 19:47:00,3222,3380,2732,40
2015-02-08 19:48:00,3504,1985,3548,19
2015-02-08 19:49:00,936,1015,1182,18
2015-02-08 19:50:00,641,839,1128,17
2015-02-08 19:51:00,1545,1448,1401,17
2015-02-08 19:52:00,4637,2574,3108,12
2015-02-08 19:53:00,2973,2315,2624,14
2015-02-08 19:54:00,3021,1889,2774,13
2015-02-08 19:55:00,2680,1870,2790,16
2015-02-08 19:56:00,3841,1435,2183,43
2015-02-08 19:57:00,4194,1740,2070,47
2015-02-08 19:58:00,3885,3008,3541,32
2015-02-08 19:59:00,1621,1632,2490,26
2015-02-08 20:00:00,4864,2432,3399,22
2015-02-08 20:01:00,4195,3032,3491,15
2015-02-08 20:02:00,1630,1375,1785,10
2015-02-08 20:03:00,2097,1523,2140,14
2015-02-08 20:04:00,3810,1532,1551,61
2015-02-08 20:05:00,4767,2830,2958,35
2015-02-08 20:06:00,2176,1863,2173,29
2015-02-08 20:07:00,2933,1900,1580,38
2015-02-08 20:08:00,1434,1399,1246,52
2015-02-08 20:09:00,1163,612,544,7
2015-02-08 20:10:00,1958,1028,1435,14
2015-02-08 20:11:00,6321,5388,4230,39
2015-02-08 20:12:00,4919,5791,4224,43
2015-02-08 20:13:00,6182,4385,3123,45
2015-02-08 20:14:00,4036,2899,2522,45
2015-02-08 20:15:00,2252,1286,1442,32
2015-02-08 20:16:00,2055,1211,1253,37
2015-02-08 20:17:00,2521,1265,974,11
2015-02-08 20:18:00,5295,4233,3786,48
2015-02-08 20:19:00,5314,2585,3572,25
2015-02-08 20:20:00,2571,2000,2618,19
2015-02-08 20:21:00,994,1077,2468,16
2015-02-08 20:22:00,2502,1651,2898,23
2015-02-08 20:23:00,3389,2459,2220,24
2015-02-08 20:24:00,2742,1731,1553,20
2015-02-08 20:25:00,674,777,896,9
2015-02-08 20:26:00,5333,4177,4609,22
2015-02-08 20:27:00,5074,3670,5154,37
2015-02-08 20:28:00,7511,4704,5048,34
2015-02-08 20:29:00,6203,3209,3419,19
2015-02-08 20:30:00,1083,551,1335,6
2015-02-08 20:31:00,1712,1480,1819,14
2015-02-08 20:32:00,184,827,253,5
2015-02-08 20:33:00,584,1172,1268,5
2015-02-08 20:34:00,695,894,1078,7
2015-02-08 20:35:00,9292,5162,4013,32
2015-02-08 20:36:00,5205,4316,3266,23
2015-02-08 20:37:00,10665,10658,6984,53
2015-02-08 20:38:00,5421,2620,2314,52
2015-02-08 20:39:00,3996,3181,3709,16
2015-02-08 20:40:00,4981,2606,3298,25
2015-02-08 20:41:00,197,444,607,2
2015-02-08 20:42:00,127,70,162,3
2015-02-08 20:43:00,1463,1260,1859,11
2015-02-08 20:44:00,189,184,428,2
2015-02-08 20:45:00,3154,3090,2113,17
2015-02-08 20:46:00,10417,7271,5258,44
2015-02-08 20:47:00,290,1063,1075,2
2015-02-08 20:48:00,69,149,101,0
2015-02-08 20:49:00,257,488,188,4
2015-02-08 20:50:00,5,85,49,1
2015-02-08 20:51:00,0,0,0,0
2015-02-08 20:52:00,0,0,0,0
2015-02-08 20:53:00,50,44,38,1
2015-02-08 20:54:00,0,1,0,0
2015-02-08 20:55:00,0,0,0,0
2015-02-08 20:56:00,0,0,0,0
2015-02-08 20:57:00,7,0,0,1
2015-02-08 20:58:00,19,35,47,2
2015-02-08 20:59:00,11,0,34,1
2015-02-08 21:00:00,45,52,11,3
2015-02-08 21:01:00,10,5,0,0
2015-02-08 21:02:00,81,75,868,2
2015-02-08 21:03:00,30,118,77,2
2015-02-08 21:04:00,50,18,50,1
2015-02-08 21:05:00,1638,1513,1693,9
2015-02-08 21:06:00,3198,2974,3017,26
2015-02-08 21:07:00,1003,1120,1770,33
2015-02-08 21:08:00,2784,1593,2236,28
2015-02-08 21:09:00,3809,2017,3535,19
2015-02-08 21:10:00,5140,3215,4587,24
2015-02-08 21:11:00,2772,2140,2560,33
2015-02-08 21:12:00,3455,2103,2997,32
2015-02-08 21:13:00,9486,3753,5923,32
2015-02-08 21:14:00,1221,1399,2573,9
2015-02-08 21:15:00,1072,1727,1643,10
2015-02-08 21:16:00,4069,5761,6323,27
2015-02-08 21:17:00,4347,3941,4110,27
2015-02-08 21:18:00,4375,3561,4237,27
2015-02-08 21:19:00,6390,5639,6101,31
2015-02-08 21:20:00,5087,3033,4685,28
2015-02-08 21:21:00,4715,3038,3831,34
2015-02-08 21:22:00,4083,2472,4643,29
2015-02-08 21:23:00,3054,3538,4138,29
2015-02-08 21:24:00,5121,4017,5289,31
2015-02-08 21:25:00,7629,4987,7316,31
2015-02-08 21:26:00,2881,1031,1460,22
2015-02-08 21:27:00,213,132,234,1
2015-02-08 21:28:00,197,570,1054,2
2015-02-08 21:29:00,87,150,142,2
2015-02-08 21:30:00,11,29,298,0
2015-02-08 21:31:00,1316,1575,1618,6
2015-02-08 21:32:00,958,1543,1115,6
2015-02-08 21:33:00,307,695,526,2
2015-02-08 21:34:00,309,552,274,1
2015-02-08 21:35:00,654,1306,1169,4
2015-02-08 21:36:00,378,774,882,3
2015-02-08 21:37:00,100,1026,475,2
2015-02-08 21:38:00,203,464,207,1
2015-02-08 21:39:00,656,310,485,2
2015-02-08 21:40:00,0,91,33,0
2015-02-08 21:41:00,162,546,743,4
2015-02-08 21:42:00,0,341,58,0
2015-02-08 21:43:00,26,327,260,1
2015-02-08 21:44:00,34,263,635,1
2015-02-08 21:45:00,242,358,311,2
2015-02-08 21:46:00,0,0,0,0
2015-02-08 21:47:00,0,0,0,0
2015-02-08 21:48:00,0,0,0,0
2015-02-08 21:49:00,0,8,0,0
2015-02-08 21:50:00,0,32,0,0
2015-02-08 21:51:00,26,238,185,0
2015-02-08 21:52:00,0,57,14,0
2015-02-08 21:53:00,9,385,194,1
2015-02-08 21:54:00,0,0,2,0
2015-02-08 21:55:00,2317,2213,3859,25
2015-02-08 21:56:00,4520,2413,2781,21
2015-02-08 21:57:00,1320,1056,1154,9
2015-02-08 21:58:00,4355,3873,4771,18
2015-02-08 21:59:00,2840,4044,3413,28
2015-02-08 22:00:00,5650,3852,3720,34
2015-02-08 22:01:00,3999,3542,3655,32
2015-02-08 22:02:00,3212,2606,2755,29
2015-02-08 22:03:00,2485,1745,3208,13
2015-02-08 22:04:00,584,974,949,5
2015-02-08 22:05:00,557,1482,1438,5
2015-02-08 22:06:00,228,430,716,5
2015-02-08 22:07:00,0,0,0,0
2015-02-08 22:08:00,265,305,265,2
2015-02-08 22:09:00,0,0,0,0
2015-02-08 22:10:00,421,738,644,2
2015-02-08 22:11:00,492,594,906,4
2015-02-08 22:12:00,288,214,200,1
2015-02-08 22:13:00,0,0,0,0
2015-02-08 22:14:00,0,0,0,0
2015-02-08 22:15:00,0,0,0,0
2015-02-08 22:16:00,0,0,0,0
2015-02-08 22:17:00,0,0,0,0
2015-02-08 22:18:00,0,0,0,0
2015-02-08 22:19:00,0,0,0,0
2015-02-08 22:20:00,0,0,0,0
2015-02-08 22:21:00,0,0,0,0
2015-02-08 22:22:00,0,0,0,0
2015-02-08 22:23:00,0,0,0,0
2015-02-08 22:24:00,0,0,0,0
2015-02-08 22:25:00,0,0,0,0
2015-02-08 22:26:00,0,0,0,0
2015-02-08 22:27:00,0,0,0,0
2015-02-08 22:28:00,0,0,0,0
2015-02-08 22:29:00,0,0,0,0
2015-02-08 22:30:00,0,0,0,0
2015-02-08 22:31:00,0,0,0,0
2015-02-08 22:32:00,0,0,0,0
2015-02-08 22:33:00,0,0,0,0
2015-02-08 22:34:00,0,0,0,0
2015-02-08 22:35:00,0,0,0,0
2015-02-08 22:36:00,0,0,0,0
2015-02-08 22:37:00,0,0,0,0
2015-02-08 22:38:00,0,0,0,0
2015-02-08 22:39:00,0,0,0,0
2015-02-08 22:40:00,0,0,0,0
2015-02-08 22:41:00,0,0,0,0
2015-02-08 22:42:00,0,0,0,0
2015-02-08 22:43:00,0,27,11,0
2015-02-08 22:44:00,0,0,0,0
2015-02-08 22:45:00,0,0,0,0
2015-02-08 22:46:00,0,0,0,0
2015-02-08 22:47:00,0,0,0,0
2015-02-08 22:48:00,0,0,0,0
2015-02-08 22:49:00,0,0,0,0
2015-02-08 22:50:00,0,0,0,0
2015-02-08 22:51:00,0,0,0,0
2015-02-08 22:52:00,0,0,0,0
2015-02-08 22:53:00,0,0,0,0
2015-02-08 22:54:00,0,0,0,0
2015-02-08 22:55:00,0,0,0,0
2015-02-08 22:56:00,0,0,0,0
2015-02-08 22:57:00,0,0,0,0
2015-02-08 22:58:00,0,0,0,0
2015-02-08 22:59:00,0,0,0,0
2015-02-08 23:00:00,0,0,0,0
2015-02-08 23:01:00,0,0,0,0
2015-02-08 23:02:00,0,0,0,0
2015-02-08 23:03:00,0,0,0,0
2015-02-08 23:04:00,0,0,0,0
2015-02-08 23:05:00,0,0,0,0
2015-02-08 23:06:00,0,0,0,0
2015-02-08 23:07:00,0,0,0,0
2015-02-08 23:08:00,0,0,0,0
2015-02-08 23:09:00,0,0,0,0
2015-02-08 23:10:00,0,0,0,0
2015-02-08 23:11:00,0,0,0,0
2015-02-08 23:12:00,0,0,0,0
2015-02-08 23:13:00,0,0,0,0
2015-02-08 23:14:00,0,0,0,0
2015-02-08 23:15:00,0,0,0,0
2015-02-08 23:16:00,0,0,0,0
2015-02-08 23:17:00,0,0,0,0
2015-02-08 23:18:00,465,503,593,1
2015-02-08 23:19:00,0,0,0,0
2015-02-08 23:20:00,0,0,0,0
2015-02-08 23:21:00,0,0,0,0
2015-02-08 23:22:00,0,0,0,0
2015-02-08 23:23:00,0,0,0,0
2015-02-08 23:24:00,0,0,0,0
2015-02-08 23:25:00,0,0,0,0
2015-02-08 23:26:00,0,0,0,0
2015-02-08 23:27:00,0,0,0,0
2015-02-08 23:28:00,82,254,179,2
2015-02-08 23:29:00,0,0,0,0
2015-02-08 23:30:00,0,0,0,0
2015-02-08 23:31:00,0,0,0,0
2015-02-08 23:32:00,0,0,0,0
2015-02-08 23:33:00,0,0,0,0
2015-02-08 23:34:00,0,0,0,0
2015-02-08 23:35:00,0,0,0,0
2015-02-08 23:36:00,0,0,0,0
2015-02-08 23:37:00,0,0,0,0
2015-02-08 23:38:00,0,0,0,0
2015-02-08 23:39:00,0,0,0,0
2015-02-08 23:40:00,0,0,0,0
2015-02-08 23:41:00,0,0,0,0
2015-02-08 23:42:00,0,0,0,0
2015-02-08 23:43:00,0,0,0,0
2015-02-08 23:44:00,0,0,0,0
2015-02-08 23:45:00,0,0,0,0
2015-02-08 23:46:00,0,37,285,0
2015-02-08 23:47:00,0,0,0,0
2015-02-08 23:48:00,0,0,0,0
2015-02-08 23:49:00,0,0,0,0
2015-02-08 23:50:00,0,0,0,0
2015-02-08 23:51:00,0,0,0,0
2015-02-08 23:52:00,0,0,0,0
2015-02-08 23:53:00,0,0,0,0
2015-02-08 23:54:00,0,0,0,0
2015-02-08 23:55:00,0,0,0,0
2015-02-08 23:56:00,0,0,0,0
2015-02-08 23:57:00,0,0,0,0
2015-02-08 23:58:00,0,0,0,0
2015-02-08 23:59:00,0,0,0,0
2015-02-09 00:00:00,0,0,0,0
2015-02-09 00:01:00,0,0,0,0
2015-02-09 00:02:00,0,0,0,0
2015-02-09 00:03:00,0,0,0,0
2015-02-09 00:04:00,0,0,0,0
2015-02-09 00:05:00,0,0,0,0
2015-02-09 00:06:00,0,0,0,0
2015-02-09 00:07:00,0,0,0,0
2015-02-09 00:08:00,0,0,0,0
2015-02-09 00:09:00,0,0,0,0
2015-02-09 00:10:00,0,0,0,0
2015-02-09 00:11:00,0,0,0,0
2015-02-09 00:12:00,0,0,0,0
2015-02-09 00:13:00,0,0,0,0
2015-02-09 00:14:00,0,0,0,0
2015-02-09 00:15:00,0,0,0,0
2015-02-09 00:16:00,0,0,0,0
2015-02-09 00:17:00,0,0,0,0
2015-02-09 00:18:00,0,0,0,0
2015-02-09 00:19:00,0,0,0,0
2015-02-09 00:20:00,0,0,0,0
2015-02-09 00:21:00,0,0,0,0
2015-02-09 00:22:00,0,0,0,0
2015-02-09 00:23:00,0,0,0,0
2015-02-09 00:24:00,0,0,0,0
2015-02-09 00:25:00,0,0,0,0
2015-02-09 00:26:00,0,0,0,0
2015-02-09 00:27:00,0,0,0,0
2015-02-09 00:28:00,0,0,0,0
2015-02-09 00:29:00,0,0,0,0
2015-02-09 00:30:00,0,0,0,0
2015-02-09 00:31:00,0,0,0,0
2015-02-09 00:32:00,0,0,0,0
2015-02-09 00:33:00,0,0,0,0
2015-02-09 00:34:00,0,0,0,0
2015-02-09 00:35:00,0,0,0,0
2015-02-09 00:36:00,0,0,0,0
2015-02-09 00:37:00,0,0,0,0
2015-02-09 00:38:00,0,0,0,0
2015-02-09 00:39:00,0,0,0,0
2015-02-09 00:40:00,360,577,362,1
2015-02-09 00:41:00,0,0,0,0
2015-02-09 00:42:00,0,0,0,0
2015-02-09 00:43:00,0,0,0,0
2015-02-09 00:44:00,0,0,0,0
2015-02-09 00:45:00,0,0,0,0
2015-02-09 00:46:00,0,0,0,0
2015-02-09 00:47:00,0,0,0,0
2015-02-09 00:48:00,0,0,0,0
2015-02-09 00:49:00,0,0,0,0
2015-02-09 00:50:00,0,0,0,0
2015-02-09 00:51:00,0,0,0,0
2015-02-09 00:52:00,0,0,0,0
2015-02-09 00:53:00,0,0,0,0
2015-02-09 00:54:00,0,0,0,0
2015-02-09 00:55:00,236,433,173,1
2015-02-09 00:56:00,0,0,0,0
2015-02-09 00:57:00,0,0,0,0
2015-02-09 00:58:00,0,0,0,0
2015-02-09 00:59:00,0,0,0,0
2015-02-09 01:00:00,0,0,0,0
2015-02-09 01:01:00,0,0,0,0
2015-02-09 01:02:00,0,0,0,0
2015-02-09 01:03:00,0,0,0,0
2015-02-09 01:04:00,0,0,0,0
2015-02-09 01:05:00,0,0,0,0
2015-02-09 01:06:00,0,0,0,0
2015-02-09 01:07:00,0,0,0,0
2015-02-09 01:08:00,0,0,0,0
2015-02-09 01:09:00,0,0,0,0
2015-02-09 01:10:00,0,0,0,0
2015-02-09 01:11:00,0,0,0,0
2015-02-09 01:12:00,0,0,0,0
2015-02-09 01:13:00,0,0,0,0
2015-02-09 01:14:00,0,0,0,0
2015-02-09 01:15:00,0,0,0,0
2015-02-09 01:16:00,0,0,0,0
2015-02-09 01:17:00,0,0,0,0
2015-02-09 01:18:00,0,0,0,0
2015-02-09 01:19:00,0,0,0,0
2015-02-09 01:20:00,0,0,0,0
2015-02-09 01:21:00,0,0,0,0
2015-02-09 01:22:00,303,478,228,1
2015-02-09 01:23:00,0,0,0,0
2015-02-09 01:24:00,0,0,0,0
2015-02-09 01:25:00,0,0,0,0
2015-02-09 01:26:00,0,2,0,0
2015-02-09 01:27:00,0,0,0,0
2015-02-09 01:28:00,0,0,0,0
2015-02-09 01:29:00,0,0,0,0
2015-02-09 01:30:00,0,0,0,0
2015-02-09 01:31:00,0,0,0,0
2015-02-09 01:32:00,0,0,0,0
2015-02-09 01:33:00,0,0,0,0
2015-02-09 01:34:00,0,0,0,0
2015-02-09 01:35:00,0,0,0,0
2015-02-09 01:36:00,0,0,0,0
2015-02-09 01:37:00,0,0,0,0
2015-02-09 01:38:00,0,0,0,0
2015-02-09 01:39:00,0,0,0,0
2015-02-09 01:40:00,0,0,0,0
2015-02-09 01:41:00,0,0,0,0
2015-02-09 01:42:00,0,0,0,0
2015-02-09 01:43:00,0,0,0,0
2015-02-09 01:44:00,0,0,0,0
2015-02-09 01:45:00,0,0,0,0
2015-02-09 01:46:00,0,0,0,0
2015-02-09 01:47:00,0,0,0,0
2015-02-09 01:48:00,0,0,0,0
2015-02-09 01:49:00,0,0,0,0
2015-02-09 01:50:00,0,0,0,0
2015-02-09 01:51:00,0,0,0,0
2015-02-09 01:52:00,0,0,0,0
2015-02-09 01:53:00,0,0,0,0
2015-02-09 01:54:00,0,0,0,0
2015-02-09 01:55:00,0,0,0,0
2015-02-09 01:56:00,0,0,0,0
2015-02-09 01:57:00,0,0,0,0
2015-02-09 01:58:00,0,0,0,0
2015-02-09 01:59:00,0,0,0,0
2015-02-09 02:00:00,0,0,0,0
2015-02-09 02:01:00,0,0,0,0
2015-02-09 02:02:00,0,0,0,0
2015-02-09 02:03:00,0,0,0,0
2015-02-09 02:04:00,0,0,0,0
2015-02-09 02:05:00,0,0,0,0
2015-02-09 02:06:00,0,0,0,0
2015-02-09 02:07:00,0,0,0,0
2015-02-09 02:08:00,0,0,0,0
2015-02-09 02:09:00,28,37,119,2
2015-02-09 02:10:00,0,0,0,0
2015-02-09 02:11:00,0,0,0,0
2015-02-09 02:12:00,0,0,0,0
2015-02-09 02:13:00,0,0,0,0
2015-02-09 02:14:00,0,0,0,0
2015-02-09 02:15:00,0,0,0,0
2015-02-09 02:16:00,0,0,0,0
2015-02-09 02:17:00,0,0,0,0
2015-02-09 02:18:00,0,0,0,0
2015-02-09 02:19:00,0,0,0,0
2015-02-09 02:20:00,0,0,0,0
2015-02-09 02:21:00,0,0,0,0
2015-02-09 02:22:00,0,0,0,0
2015-02-09 02:23:00,0,0,0,0
2015-02-09 02:24:00,0,0,0,0
2015-02-09 02:25:00,0,0,0,0
2015-02-09 02:26:00,0,0,0,0
2015-02-09 02:27:00,0,0,0,0
2015-02-09 02:28:00,0,0,0,0
2015-02-09 02:29:00,0,0,0,0
2015-02-09 02:30:00,0,0,0,0
2015-02-09 02:31:00,0,0,0,0
2015-02-09 02:32:00,0,0,0,0
2015-02-09 02:33:00,0,0,0,0
2015-02-09 02:34:00,0,0,0,0
2015-02-09 02:35:00,0,0,0,0
2015-02-09 02:36:00,0,0,0,0
2015-02-09 02:37:00,0,0,0,0
2015-02-09 02:38:00,0,0,0,0
2015-02-09 02:39:00,0,0,0,0
2015-02-09 02:40:00,0,0,0,0
2015-02-09 02:41:00,334,335,205,1
2015-02-09 02:42:00,0,0,0,0
2015-02-09 02:43:00,0,0,0,0
2015-02-09 02:44:00,0,0,0,0
2015-02-09 02:45:00,0,0,0,0
2015-02-09 02:46:00,0,0,0,0
2015-02-09 02:47:00,0,0,0,0
2015-02-09 02:48:00,0,0,0,0
2015-02-09 02:49:00,0,0,0,0
2015-02-09 02:50:00,0,0,0,0
2015-02-09 02:51:00,0,0,0,0
2015-02-09 02:52:00,0,0,0,0
2015-02-09 02:53:00,0,0,0,0
2015-02-09 02:54:00,0,0,0,0
2015-02-09 02:55:00,0,0,0,0
2015-02-09 02:56:00,0,0,0,0
2015-02-09 02:57:00,0,0,0,0
2015-02-09 02:58:00,0,0,0,0
2015-02-09 02:59:00,0,0,0,0
2015-02-09 03:00:00,0,0,0,0
2015-02-09 03:01:00,0,0,0,0
2015-02-09 03:02:00,0,0,0,0
2015-02-09 03:03:00,0,0,0,0
2015-02-09 03:04:00,0,0,0,0
2015-02-09 03:05:00,0,0,0,0
2015-02-09 03:06:00,0,0,0,0
2015-02-09 03:07:00,0,0,0,0
2015-02-09 03:08:00,0,0,0,0
2015-02-09 03:09:00,0,0,0,0
2015-02-09 03:10:00,0,0,0,0
2015-02-09 03:11:00,0,0,0,0
2015-02-09 03:12:00,0,0,0,0
2015-02-09 03:13:00,0,0,0,0
2015-02-09 03:14:00,0,0,0,0
2015-02-09 03:15:00,0,0,0,0
2015-02-09 03:16:00,0,0,0,0
2015-02-09 03:17:00,0,0,0,0
2015-02-09 03:18:00,0,0,0,0
2015-02-09 03:19:00,0,0,0,0
2015-02-09 03:20:00,0,0,0,0
2015-02-09 03:21:00,0,0,0,0
2015-02-09 03:22:00,0,0,0,0
2015-02-09 03:23:00,0,0,0,0
2015-02-09 03:24:00,0,0,0,0
2015-02-09 03:25:00,0,0,0,0
2015-02-09 03:26:00,0,0,0,0
2015-02-09 03:27:00,0,0,0,0
2015-02-09 03:28:00,0,0,0,0
2015-02-09 03:29:00,0,0,0,0
2015-02-09 03:30:00,0,0,0,0
2015-02-09 03:31:00,0,0,0,0
2015-02-09 03:32:00,0,0,0,0
2015-02-09 03:33:00,0,0,0,0
2015-02-09 03:34:00,67,120,196,1
2015-02-09 03:35:00,0,0,0,0
2015-02-09 03:36:00,0,0,0,0
2015-02-09 03:37:00,0,0,0,0
2015-02-09 03:38:00,0,0,0,0
2015-02-09 03:39:00,0,0,0,0
2015-02-09 03:40:00,0,0,0,0
2015-02-09 03:41:00,0,0,0,0
2015-02-09 03:42:00,0,0,0,0
2015-02-09 03:43:00,0,0,0,0
2015-02-09 03:44:00,0,0,0,0
2015-02-09 03:45:00,0,0,0,0
2015-02-09 03:46:00,0,0,0,0
2015-02-09 03:47:00,0,0,0,0
2015-02-09 03:48:00,0,0,0,0
2015-02-09 03:49:00,0,0,0,0
2015-02-09 03:50:00,0,0,0,0
2015-02-09 03:51:00,0,0,0,0
2015-02-09 03:52:00,0,0,0,0
2015-02-09 03:53:00,0,0,0,0
2015-02-09 03:54:00,0,0,0,0
2015-02-09 03:55:00,0,0,0,0
2015-02-09 03:56:00,0,0,0,0
2015-02-09 03:57:00,0,0,0,0
2015-02-09 03:58:00,0,0,0,0
2015-02-09 03:59:00,0,0,0,0
2015-02-09 04:00:00,0,0,0,0
2015-02-09 04:01:00,0,0,0,0
2015-02-09 04:02:00,0,0,0,0
2015-02-09 04:03:00,0,0,0,0
2015-02-09 04:04:00,0,0,0,0
2015-02-09 04:05:00,0,0,0,0
2015-02-09 04:06:00,0,0,0,0
2015-02-09 04:07:00,0,0,0,0
2015-02-09 04:08:00,0,0,0,0
2015-02-09 04:09:00,0,0,0,0
2015-02-09 04:10:00,0,0,0,0
2015-02-09 04:11:00,0,0,0,0
2015-02-09 04:12:00,0,0,0,0
2015-02-09 04:13:00,0,0,0,0
2015-02-09 04:14:00,0,0,0,0
2015-02-09 04:15:00,0,0,0,0
2015-02-09 04:16:00,0,0,0,0
2015-02-09 04:17:00,0,0,0,0
2015-02-09 04:18:00,0,0,0,0
2015-02-09 04:19:00,0,0,0,0
2015-02-09 04:20:00,0,0,0,0
2015-02-09 04:21:00,0,0,0,0
2015-02-09 04:22:00,0,0,0,0
2015-02-09 04:23:00,0,0,0,0
2015-02-09 04:24:00,0,0,0,0
2015-02-09 04:25:00,0,0,0,0
2015-02-09 04:26:00,0,0,0,0
2015-02-09 04:27:00,0,0,0,0
2015-02-09 04:28:00,0,0,0,0
2015-02-09 04:29:00,0,0,0,0
2015-02-09 04:30:00,0,0,0,0
2015-02-09 04:31:00,0,0,0,0
2015-02-09 04:32:00,0,0,0,0
2015-02-09 04:33:00,0,0,0,0
2015-02-09 04:34:00,0,0,0,0
2015-02-09 04:35:00,0,0,0,0
2015-02-09 04:36:00,0,0,0,0
2015-02-09 04:37:00,0,0,0,0
2015-02-09 04:38:00,0,0,0,0
2015-02-09 04:39:00,0,0,0,0
2015-02-09 04:40:00,0,0,0,0
2015-02-09 04:41:00,0,0,0,0
2015-02-09 04:42:00,0,0,55,0
2015-02-09 04:43:00,0,0,26,0
2015-02-09 04:44:00,0,0,0,0
2015-02-09 04:45:00,0,0,0,0
2015-02-09 04:46:00,0,0,0,0
2015-02-09 04:47:00,0,0,0,0
2015-02-09 04:48:00,0,0,0,0
2015-02-09 04:49:00,0,0,0,0
2015-02-09 04:50:00,0,0,0,0
2015-02-09 04:51:00,0,0,0,0
2015-02-09 04:52:00,0,0,0,0
2015-02-09 04:53:00,0,0,0,0
2015-02-09 04:54:00,0,0,0,0
2015-02-09 04:55:00,0,0,0,0
2015-02-09 04:56:00,0,0,0,0
2015-02-09 04:57:00,0,0,0,0
2015-02-09 04:58:00,0,0,0,0
2015-02-09 04:59:00,0,0,0,0
2015-02-09 05:00:00,0,0,0,0
2015-02-09 05:01:00,0,0,0,0
2015-02-09 05:02:00,0,0,0,0
2015-02-09 05:03:00,0,0,0,0
2015-02-09 05:04:00,0,0,0,0
2015-02-09 05:05:00,0,0,0,0
2015-02-09 05:06:00,0,0,0,0
2015-02-09 05:07:00,0,0,0,0
2015-02-09 05:08:00,0,0,0,0
2015-02-09 05:09:00,0,0,0,0
2015-02-09 05:10:00,0,0,0,0
2015-02-09 05:11:00,0,0,0,0
2015-02-09 05:12:00,0,0,0,0
2015-02-09 05:13:00,0,0,0,0
2015-02-09 05:14:00,0,0,0,0
2015-02-09 05:15:00,0,0,0,0
2015-02-09 05:16:00,0,0,0,0
2015-02-09 05:17:00,0,0,0,0
2015-02-09 05:18:00,0,0,0,0
2015-02-09 05:19:00,0,0,0,0
2015-02-09 05:20:00,0,0,0,0
2015-02-09 05:21:00,0,0,0,0
2015-02-09 05:22:00,0,0,0,0
2015-02-09 05:23:00,0,0,0,0
2015-02-09 05:24:00,0,0,0,0
2015-02-09 05:25:00,0,0,0,0
2015-02-09 05:26:00,0,0,0,0
2015-02-09 05:27:00,0,0,0,0
2015-02-09 05:28:00,0,0,0,0
2015-02-09 05:29:00,0,0,0,0
2015-02-09 05:30:00,0,0,0,0
2015-02-09 05:31:00,0,0,0,0
2015-02-09 05:32:00,0,0,0,0
2015-02-09 05:33:00,0,0,48,0
2015-02-09 05:34:00,0,0,0,0
2015-02-09 05:35:00,0,0,0,0
2015-02-09 05:36:00,0,0,0,0
2015-02-09 05:37:00,0,0,0,0
2015-02-09 05:38:00,0,0,0,0
2015-02-09 05:39:00,0,0,0,0
2015-02-09 05:40:00,0,0,0,0
2015-02-09 05:41:00,0,0,0,0
2015-02-09 05:42:00,0,0,0,0
2015-02-09 05:43:00,0,0,0,0
2015-02-09 05:44:00,0,0,108,0
2015-02-09 05:45:00,376,369,848,1
2015-02-09 05:46:00,0,0,0,0
2015-02-09 05:47:00,0,0,0,0
2015-02-09 05:48:00,0,0,0,0
2015-02-09 05:49:00,0,0,0,0
2015-02-09 05:50:00,0,0,0,0
2015-02-09 05:51:00,0,0,0,0
2015-02-09 05:52:00,0,0,0,0
2015-02-09 05:53:00,0,0,0,0
2015-02-09 05:54:00,0,0,0,0
2015-02-09 05:55:00,0,0,0,0
2015-02-09 05:56:00,0,0,0,0
2015-02-09 05:57:00,0,0,0,0
2015-02-09 05:58:00,0,0,0,0
2015-02-09 05:59:00,0,0,0,0
2015-02-09 06:00:00,0,0,0,0
2015-02-09 06:01:00,0,0,0,0
2015-02-09 06:02:00,0,0,0,0
2015-02-09 06:03:00,0,0,0,0
2015-02-09 06:04:00,0,0,0,0
2015-02-09 06:05:00,0,0,0,0
2015-02-09 06:06:00,208,377,319,1
2015-02-09 06:07:00,0,0,0,0
2015-02-09 06:08:00,0,0,0,0
2015-02-09 06:09:00,1276,1040,1055,3
2015-02-09 06:10:00,0,43,187,0
2015-02-09 06:11:00,403,466,601,2
2015-02-09 06:12:00,781,832,446,3
2015-02-09 06:13:00,512,394,688,1
2015-02-09 06:14:00,1228,996,1002,8
2015-02-09 06:15:00,1875,2288,2063,4
2015-02-09 06:16:00,2498,2213,1907,14
2015-02-09 06:17:00,1530,2679,3049,10
2015-02-09 06:18:00,3591,5809,4036,19
2015-02-09 06:19:00,3903,3343,4135,14
2015-02-09 06:20:00,4204,3278,3793,30
2015-02-09 06:21:00,2420,3604,3855,18
2015-02-09 06:22:00,2764,3429,4363,19
2015-02-09 06:23:00,2143,4167,3431,21
2015-02-09 06:24:00,2324,5006,3997,22
2015-02-09 06:25:00,5475,4943,5024,23
2015-02-09 06:26:00,6169,5314,5200,29
2015-02-09 06:27:00,3694,3277,3609,34
2015-02-09 06:28:00,2842,3142,5232,25
2015-02-09 06:29:00,2154,3549,5036,19
2015-02-09 06:30:00,4122,3019,3429,20
2015-02-09 06:31:00,380,797,513,4
2015-02-09 06:32:00,0,465,41,0
2015-02-09 06:33:00,2,152,72,0
2015-02-09 06:34:00,1517,1381,1793,13
2015-02-09 06:35:00,1886,1100,2249,15
2015-02-09 06:36:00,2189,2148,2232,16
2015-02-09 06:37:00,452,463,960,3
2015-02-09 06:38:00,19,370,881,0
2015-02-09 06:39:00,434,614,2020,6
2015-02-09 06:40:00,585,1438,1924,6
2015-02-09 06:41:00,1030,1333,1536,8
2015-02-09 06:42:00,3231,3207,3311,38
2015-02-09 06:43:00,3783,2464,3580,34
2015-02-09 06:44:00,3668,3084,2712,29
2015-02-09 06:45:00,5272,3555,4036,28
2015-02-09 06:46:00,4017,2269,2233,39
2015-02-09 06:47:00,4071,2471,1482,85
2015-02-09 06:48:00,2999,2276,1696,77
2015-02-09 06:49:00,3131,3273,1508,63
2015-02-09 06:50:00,3666,1827,1628,94
2015-02-09 06:51:00,4119,2372,1931,89
2015-02-09 06:52:00,3181,1022,1088,70
2015-02-09 06:53:00,1490,1243,1450,39
2015-02-09 06:54:00,1304,1197,1746,33
2015-02-09 06:55:00,535,429,885,10
2015-02-09 06:56:00,511,477,715,8
2015-02-09 06:57:00,1160,1153,1265,26
2015-02-09 06:58:00,4626,2909,2797,68
2015-02-09 06:59:00,1890,1886,1859,66
2015-02-09 07:00:00,2920,1336,2044,76
2015-02-09 07:01:00,3960,2201,3100,41
2015-02-09 07:02:00,1417,890,1113,5
2015-02-09 07:03:00,1171,1319,767,11
2015-02-09 07:04:00,451,704,55,2
2015-02-09 07:05:00,191,508,44,2
2015-02-09 07:06:00,124,456,101,0
2015-02-09 07:07:00,501,1367,252,7
2015-02-09 07:08:00,67,53,78,0
2015-02-09 07:09:00,243,965,296,2
2015-02-09 07:10:00,334,2260,702,6
2015-02-09 07:11:00,4483,4260,3850,22
2015-02-09 07:12:00,3756,1873,3123,45
2015-02-09 07:13:00,302,728,886,7
2015-02-09 07:14:00,3417,2743,4203,25
2015-02-09 07:15:00,2214,1345,1627,10
2015-02-09 07:16:00,4664,3475,3677,22
2015-02-09 07:17:00,1199,1603,1225,6
2015-02-09 07:18:00,490,438,393,4
2015-02-09 07:19:00,1617,1924,1673,8
2015-02-09 07:20:00,371,1270,143,4
2015-02-09 07:21:00,2406,3007,2451,14
2015-02-09 07:22:00,1523,1508,2110,13
2015-02-09 07:23:00,695,352,503,3
2015-02-09 07:24:00,91,246,672,1
2015-02-09 07:25:00,42,45,198,2
2015-02-09 07:26:00,151,139,149,1
2015-02-09 07:27:00,0,0,0,0
2015-02-09 07:28:00,12,0,0,0
2015-02-09 07:29:00,0,0,0,0
2015-02-09 07:30:00,194,89,226,1
2015-02-09 07:31:00,3545,2163,2843,17
2015-02-09 07:32:00,3674,3729,3537,21
2015-02-09 07:33:00,1538,1368,1481,14
2015-02-09 07:34:00,575,296,625,11
2015-02-09 07:35:00,235,135,500,7
2015-02-09 07:36:00,351,111,645,5
2015-02-09 07:37:00,306,287,315,8
2015-02-09 07:38:00,146,52,151,5
2015-02-09 07:39:00,938,1317,1176,10
2015-02-09 07:40:00,4627,3301,3508,28
2015-02-09 07:41:00,1770,2535,2583,11
2015-02-09 07:42:00,1709,1993,2776,8
2015-02-09 07:43:00,195,281,675,1
2015-02-09 07:44:00,95,221,572,1
2015-02-09 07:45:00,396,372,504,3
2015-02-09 07:46:00,1029,747,1114,4
2015-02-09 07:47:00,246,686,442,1
2015-02-09 07:48:00,679,588,731,2
2015-02-09 07:49:00,1060,1080,1157,5
2015-02-09 07:50:00,1335,1114,1272,6
2015-02-09 07:51:00,964,1086,1448,7
2015-02-09 07:52:00,2274,1737,2522,22
2015-02-09 07:53:00,4647,4893,4556,30
2015-02-09 07:54:00,1728,2207,1412,18
2015-02-09 07:55:00,1018,1330,1274,8
2015-02-09 07:56:00,527,1064,897,4
2015-02-09 07:57:00,1023,896,1092,7
2015-02-09 07:58:00,788,903,1043,4
2015-02-09 07:59:00,938,1974,1511,5
2015-02-09 08:00:00,3560,4203,2974,30
2015-02-09 08:01:00,311,264,401,2
2015-02-09 08:02:00,1267,1392,1943,33
2015-02-09 08:03:00,2508,2743,3480,22
2015-02-09 08:04:00,3758,2524,3201,26
2015-02-09 08:05:00,4221,4233,3630,33
2015-02-09 08:06:00,1058,1866,1053,18
2015-02-09 08:07:00,1056,2616,1271,12
2015-02-09 08:08:00,482,545,374,4
2015-02-09 08:09:00,154,829,468,3
2015-02-09 08:10:00,74,431,250,0
2015-02-09 08:11:00,225,955,1220,4
2015-02-09 08:12:00,15,525,190,0
2015-02-09 08:13:00,14,438,483,0
2015-02-09 08:14:00,450,1482,1339,6
2015-02-09 08:15:00,103,1747,828,0
2015-02-09 08:16:00,508,1351,780,3
2015-02-09 08:17:00,19,299,210,1
2015-02-09 08:18:00,295,3142,1466,6
2015-02-09 08:19:00,316,1763,750,3
2015-02-09 08:20:00,1047,1341,1224,7
2015-02-09 08:21:00,448,1362,1174,7
2015-02-09 08:22:00,936,1112,1113,9
2015-02-09 08:23:00,830,1715,1419,9
2015-02-09 08:24:00,546,1613,969,5
2015-02-09 08:25:00,1262,2041,2049,11
2015-02-09 08:26:00,989,1649,1620,7
2015-02-09 08:27:00,856,446,749,5
2015-02-09 08:28:00,1887,2377,2388,14
2015-02-09 08:29:00,1964,2608,2388,13
2015-02-09 08:30:00,457,1460,1299,2
2015-02-09 08:31:00,74,745,991,4
2015-02-09 08:32:00,812,342,837,2
2015-02-09 08:33:00,240,110,196,1
2015-02-09 08:34:00,122,711,1216,2
2015-02-09 08:35:00,355,2664,674,2
2015-02-09 08:36:00,604,1559,968,5
2015-02-09 08:37:00,313,987,856,2
2015-02-09 08:38:00,44,593,618,0
2015-02-09 08:39:00,877,2023,1340,4
2015-02-09 08:40:00,157,171,224,1
2015-02-09 08:41:00,1728,1848,2363,7
2015-02-09 08:42:00,615,1081,872,4
2015-02-09 08:43:00,16,29,329,1
2015-02-09 08:44:00,193,897,727,4
2015-02-09 08:45:00,712,1179,1324,11
2015-02-09 08:46:00,1632,2441,3713,14
2015-02-09 08:47:00,1273,1143,1963,8
2015-02-09 08:48:00,685,597,705,4
2015-02-09 08:49:00,5465,4832,5511,33
2015-02-09 08:50:00,6389,3630,4757,38
2015-02-09 08:51:00,6907,3983,3987,47
2015-02-09 08:52:00,2938,3096,2225,43
2015-02-09 08:53:00,4203,3180,2702,55
2015-02-09 08:54:00,4263,3078,3102,22
2015-02-09 08:55:00,830,798,966,9
2015-02-09 08:56:00,569,1097,411,7
2015-02-09 08:57:00,641,1375,1076,10
2015-02-09 08:58:00,471,361,257,4
2015-02-09 08:59:00,1177,1422,798,7
2015-02-09 09:00:00,1091,839,931,5
2015-02-09 09:01:00,296,213,116,2
2015-02-09 09:02:00,1030,1453,862,8
2015-02-09 09:03:00,106,293,283,2
2015-02-09 09:04:00,91,1533,694,2
2015-02-09 09:05:00,151,459,581,2
2015-02-09 09:06:00,610,1458,1022,5
2015-02-09 09:07:00,38,140,421,2
2015-02-09 09:08:00,216,873,598,4
2015-02-09 09:09:00,1010,784,223,3
2015-02-09 09:10:00,401,855,630,3
2015-02-09 09:11:00,341,352,50,2
2015-02-09 09:12:00,293,310,109,0
2015-02-09 09:13:00,1231,1561,660,9
2015-02-09 09:14:00,55,40,16,1
2015-02-09 09:15:00,1036,970,803,4
2015-02-09 09:16:00,489,444,151,5
2015-02-09 09:17:00,694,826,589,3
2015-02-09 09:18:00,390,621,211,6
2015-02-09 09:19:00,0,3,0,0
2015-02-09 09:20:00,281,594,349,4
2015-02-09 09:21:00,142,153,106,3
2015-02-09 09:22:00,1898,1518,1786,12
2015-02-09 09:23:00,835,1368,696,7
2015-02-09 09:24:00,753,1330,495,1
2015-02-09 09:25:00,353,869,701,2
2015-02-09 09:26:00,444,586,409,6
2015-02-09 09:27:00,17,5,23,1
2015-02-09 09:28:00,133,192,60,3
2015-02-09 09:29:00,276,178,108,2
2015-02-09 09:30:00,919,1344,1589,8
2015-02-09 09:31:00,1852,1824,1367,9
2015-02-09 09:32:00,628,617,630,5
2015-02-09 09:33:00,166,384,508,3
2015-02-09 09:34:00,839,1169,1227,5
2015-02-09 09:35:00,709,187,527,6
2015-02-09 09:36:00,703,1178,835,6
2015-02-09 09:37:00,1946,2368,1734,10
2015-02-09 09:38:00,2234,1691,2078,13
2015-02-09 09:39:00,6232,5580,3618,68
2015-02-09 09:40:00,4310,5280,3181,75
2015-02-09 09:41:00,3637,4960,2332,64
2015-02-09 09:42:00,6114,4453,3355,29
2015-02-09 09:43:00,4106,3197,2808,16
2015-02-09 09:44:00,6645,4906,4514,41
2015-02-09 09:45:00,6448,4250,4550,39
2015-02-09 09:46:00,4255,2197,2364,20
2015-02-09 09:47:00,3789,2280,2142,26
2015-02-09 09:48:00,7663,5466,5700,45
2015-02-09 09:49:00,4055,2596,3550,40
2015-02-09 09:50:00,6114,4366,4430,44
2015-02-09 09:51:00,12845,10336,6512,87
2015-02-09 09:52:00,7930,5390,5095,50
2015-02-09 09:53:00,6499,4509,3940,66
2015-02-09 09:54:00,5473,3400,2695,54
2015-02-09 09:55:00,2754,2015,1920,29
2015-02-09 09:56:00,2118,2373,1274,36
2015-02-09 09:57:00,1886,1605,2927,24
2015-02-09 09:58:00,2538,2939,1899,40
2015-02-09 09:59:00,3270,1920,2255,26
2015-02-09 10:00:00,6387,4612,3215,51
2015-02-09 10:01:00,3467,2087,2094,67
2015-02-09 10:02:00,3955,2982,1999,46
2015-02-09 10:03:00,4692,3107,2779,36
2015-02-09 10:04:00,3750,2308,1868,60
2015-02-09 10:05:00,3481,3326,2939,61
2015-02-09 10:06:00,7077,4146,4268,39
2015-02-09 10:07:00,3179,2643,2994,20
2015-02-09 10:08:00,1425,1073,1218,11
2015-02-09 10:09:00,13,300,468,0
2015-02-09 10:10:00,1353,1262,1979,6
2015-02-09 10:11:00,754,574,514,4
2015-02-09 10:12:00,236,541,421,1
2015-02-09 10:13:00,626,666,849,6
2015-02-09 10:14:00,364,775,1277,6
2015-02-09 10:15:00,193,100,102,3
2015-02-09 10:16:00,339,451,241,1
2015-02-09 10:17:00,317,665,242,5
2015-02-09 10:18:00,800,2309,1625,8
2015-02-09 10:19:00,301,838,794,4
2015-02-09 10:20:00,314,769,156,4
2015-02-09 10:21:00,267,660,423,3
2015-02-09 10:22:00,844,1856,534,19
2015-02-09 10:23:00,81,1240,71,2
2015-02-09 10:24:00,2566,2014,2022,17
2015-02-09 10:25:00,16,45,0,0
2015-02-09 10:26:00,1279,3281,1203,17
2015-02-09 10:27:00,766,1761,451,8
2015-02-09 10:28:00,517,1186,813,7
2015-02-09 10:29:00,341,654,283,2
2015-02-09 10:30:00,1001,1504,1308,10
2015-02-09 10:31:00,1901,1496,1221,10
2015-02-09 10:32:00,542,1629,1913,9
2015-02-09 10:33:00,133,550,915,4
2015-02-09 10:34:00,49,245,397,0
2015-02-09 10:35:00,48,174,484,1
2015-02-09 10:36:00,3142,2871,3112,25
2015-02-09 10:37:00,3485,5340,4340,21
2015-02-09 10:38:00,1982,2670,1982,12
2015-02-09 10:39:00,1129,3185,2532,10
2015-02-09 10:40:00,1557,3051,2350,23
2015-02-09 10:41:00,2232,3588,2571,22
2015-02-09 10:42:00,1691,3322,2442,11
2015-02-09 10:43:00,1609,1712,2658,14
2015-02-09 10:44:00,6002,4966,5998,26
2015-02-09 10:45:00,1358,871,1562,8
2015-02-09 10:46:00,446,597,960,4
2015-02-09 10:47:00,2035,1917,1725,6
2015-02-09 10:48:00,1260,1942,3503,12
2015-02-09 10:49:00,466,849,882,3
2015-02-09 10:50:00,953,1672,543,7
2015-02-09 10:51:00,981,3349,1803,10
2015-02-09 10:52:00,6995,4591,3925,56
2015-02-09 10:53:00,4005,2628,3029,26
2015-02-09 10:54:00,2918,1772,1976,18
2015-02-09 10:55:00,2397,1344,1768,28
2015-02-09 10:56:00,3596,3001,4213,73
2015-02-09 10:57:00,157,0,212,4
2015-02-09 10:58:00,1621,1813,1627,61
2015-02-09 10:59:00,1949,2650,1556,89
2015-02-09 11:00:00,2370,1081,2271,23
2015-02-09 11:01:00,1247,738,1362,8
2015-02-09 11:02:00,2181,2725,2101,15
2015-02-09 11:03:00,329,3099,839,8
2015-02-09 11:04:00,224,796,422,2
2015-02-09 11:05:00,0,0,37,0
2015-02-09 11:06:00,25,318,258,0
2015-02-09 11:07:00,155,1312,1421,3
2015-02-09 11:08:00,0,58,0,0
2015-02-09 11:09:00,572,548,515,3
2015-02-09 11:10:00,0,189,155,0
2015-02-09 11:11:00,84,989,1540,4
2015-02-09 11:12:00,0,678,1531,0
2015-02-09 11:13:00,59,884,2043,2
2015-02-09 11:14:00,298,952,3489,6
2015-02-09 11:15:00,204,117,1597,2
2015-02-09 11:16:00,636,670,2885,10
2015-02-09 11:17:00,1194,908,1878,9
2015-02-09 11:18:00,506,451,2423,4
2015-02-09 11:19:00,113,111,1468,4
2015-02-09 11:20:00,151,402,3304,6
2015-02-09 11:21:00,827,641,1534,9
2015-02-09 11:22:00,79,99,499,2
2015-02-09 11:23:00,345,433,811,2
2015-02-09 11:24:00,163,199,1062,1
2015-02-09 11:25:00,466,434,944,4
2015-02-09 11:26:00,1657,2234,2326,9
2015-02-09 11:27:00,836,697,952,5
2015-02-09 11:28:00,0,5,0,0
2015-02-09 11:29:00,742,911,513,5
2015-02-09 11:30:00,483,1109,852,3
2015-02-09 11:31:00,0,384,62,0
2015-02-09 11:32:00,0,130,29,0
2015-02-09 11:33:00,1294,1077,1627,11
2015-02-09 11:34:00,879,1532,2122,9
2015-02-09 11:35:00,425,282,515,3
2015-02-09 11:36:00,0,0,71,0
2015-02-09 11:37:00,608,946,1417,6
2015-02-09 11:38:00,1451,1934,868,5
2015-02-09 11:39:00,0,0,0,0
2015-02-09 11:40:00,32,44,217,0
2015-02-09 11:41:00,2083,3157,3104,20
2015-02-09 11:42:00,2167,1462,2206,12
2015-02-09 11:43:00,5413,4916,5312,32
2015-02-09 11:44:00,7082,6011,4163,67
2015-02-09 11:45:00,2121,2218,1887,41
2015-02-09 11:46:00,2350,1738,1646,44
2015-02-09 11:47:00,3424,2888,2357,39
2015-02-09 11:48:00,12176,9298,8201,63
2015-02-09 11:49:00,11536,8964,7061,63
2015-02-09 11:50:00,8773,6384,6554,54
2015-02-09 11:51:00,8264,5774,4501,68
2015-02-09 11:52:00,2967,2297,2444,61
2015-02-09 11:53:00,6021,4702,3637,65
2015-02-09 11:54:00,9372,7166,4935,73
2015-02-09 11:55:00,5137,3993,2530,68
2015-02-09 11:56:00,6093,4523,3147,51
2015-02-09 11:57:00,5017,7042,3054,69
2015-02-09 11:58:00,8895,7179,3971,74
2015-02-09 11:59:00,3738,3730,4161,44
2015-02-09 12:00:00,5039,2276,2811,38
2015-02-09 12:01:00,4655,3160,2424,56
2015-02-09 12:02:00,6268,3823,3716,69
2015-02-09 12:03:00,5182,4056,3985,50
2015-02-09 12:04:00,4370,2809,3557,28
2015-02-09 12:05:00,3552,2385,2433,54
2015-02-09 12:06:00,10911,6493,7134,51
2015-02-09 12:07:00,3990,3302,4164,46
2015-02-09 12:08:00,5444,5009,5847,33
2015-02-09 12:09:00,1730,2122,2755,12
2015-02-09 12:10:00,1970,2250,1532,14
2015-02-09 12:11:00,25,296,34,1
2015-02-09 12:12:00,1254,1566,1053,6
2015-02-09 12:13:00,1117,986,473,6
2015-02-09 12:14:00,489,646,1491,8
2015-02-09 12:15:00,417,2140,706,6
2015-02-09 12:16:00,2426,2541,2178,13
2015-02-09 12:17:00,311,744,642,2
2015-02-09 12:18:00,1411,2189,1419,5
2015-02-09 12:19:00,1343,2051,2131,11
2015-02-09 12:20:00,906,1577,863,12
2015-02-09 12:21:00,573,1469,973,6
2015-02-09 12:22:00,778,1622,762,5
2015-02-09 12:23:00,1183,2097,1248,8
2015-02-09 12:24:00,1339,2872,1635,8
2015-02-09 12:25:00,95,795,924,2
2015-02-09 12:26:00,453,904,1409,3
2015-02-09 12:27:00,371,710,485,5
2015-02-09 12:28:00,1335,1525,948,10
2015-02-09 12:29:00,853,805,1424,8
2015-02-09 12:30:00,767,1252,811,8
2015-02-09 12:31:00,576,1552,1156,11
2015-02-09 12:32:00,33,2723,3915,2
2015-02-09 12:33:00,366,1269,570,4
2015-02-09 12:34:00,953,1779,1866,8
2015-02-09 12:35:00,149,771,739,3
2015-02-09 12:36:00,555,1651,969,4
2015-02-09 12:37:00,645,2985,3193,14
2015-02-09 12:38:00,862,2389,2860,6
2015-02-09 12:39:00,917,2612,3872,10
2015-02-09 12:40:00,1285,3460,2903,16
2015-02-09 12:41:00,403,1989,1799,8
2015-02-09 12:42:00,5,2189,506,0
2015-02-09 12:43:00,1015,1637,1892,9
2015-02-09 12:44:00,1074,2671,2934,9
2015-02-09 12:45:00,1371,4226,3109,16
2015-02-09 12:46:00,1042,2873,3220,36
2015-02-09 12:47:00,416,2218,3150,5
2015-02-09 12:48:00,214,774,2104,4
2015-02-09 12:49:00,3820,5678,4147,34
2015-02-09 12:50:00,1382,1167,1307,22
2015-02-09 12:51:00,4917,4026,5274,28
2015-02-09 12:52:00,2497,2151,2996,47
2015-02-09 12:53:00,5544,2660,3086,31
2015-02-09 12:54:00,4220,3461,4031,48
2015-02-09 12:55:00,4036,2736,3067,35
2015-02-09 12:56:00,4894,3253,3405,38
2015-02-09 12:57:00,2601,2529,3071,70
2015-02-09 12:58:00,5251,3146,4027,59
2015-02-09 12:59:00,3454,2504,2163,45
2015-02-09 13:00:00,413,717,1066,13
2015-02-09 13:01:00,3034,2860,3003,34
2015-02-09 13:02:00,7541,4547,5513,37
2015-02-09 13:03:00,850,2468,2879,10
2015-02-09 13:04:00,976,2210,1738,7
2015-02-09 13:05:00,1845,2035,1523,12
2015-02-09 13:06:00,1160,3182,2041,16
2015-02-09 13:07:00,158,1065,383,3
2015-02-09 13:08:00,140,447,323,1
2015-02-09 13:09:00,0,7,7,0
2015-02-09 13:10:00,238,298,48,2
2015-02-09 13:11:00,0,6,0,0
2015-02-09 13:12:00,57,652,1361,1
2015-02-09 13:13:00,454,1958,1775,7
2015-02-09 13:14:00,19,127,47,1
2015-02-09 13:15:00,1191,1890,1594,7
2015-02-09 13:16:00,1393,2500,2476,6
2015-02-09 13:17:00,555,809,569,2
2015-02-09 13:18:00,515,1207,1509,4
2015-02-09 13:19:00,358,1290,624,3
2015-02-09 13:20:00,0,0,0,0
2015-02-09 13:21:00,0,0,0,0
2015-02-09 13:22:00,676,907,964,2
2015-02-09 13:23:00,0,0,0,0
2015-02-09 13:24:00,1035,2468,1961,7
2015-02-09 13:25:00,917,3274,1925,5
2015-02-09 13:26:00,63,618,395,1
2015-02-09 13:27:00,1399,2245,1817,13
2015-02-09 13:28:00,393,910,621,4
2015-02-09 13:29:00,0,0,0,0
2015-02-09 13:30:00,0,2,17,0
2015-02-09 13:31:00,143,185,153,0
2015-02-09 13:32:00,372,338,264,2
2015-02-09 13:33:00,0,12,1,0
2015-02-09 13:34:00,0,0,0,0
2015-02-09 13:35:00,190,580,364,2
2015-02-09 13:36:00,996,1026,882,5
2015-02-09 13:37:00,728,1977,1257,6
2015-02-09 13:38:00,899,1203,1283,6
2015-02-09 13:39:00,951,1894,1352,7
2015-02-09 13:40:00,1233,690,789,6
2015-02-09 13:41:00,4317,4193,4976,21
2015-02-09 13:42:00,3064,2975,3193,33
2015-02-09 13:43:00,6009,5548,5366,56
2015-02-09 13:44:00,2475,3137,3697,51
2015-02-09 13:45:00,2870,4333,4865,40
2015-02-09 13:46:00,3739,2350,3376,19
2015-02-09 13:47:00,2287,2147,3092,19
2015-02-09 13:48:00,5295,4041,6724,24
2015-02-09 13:49:00,75,302,599,2
2015-02-09 13:50:00,1804,1608,1625,6
2015-02-09 13:51:00,6692,4500,6579,40
2015-02-09 13:52:00,3099,2943,3141,79
2015-02-09 13:53:00,2053,2945,2120,76
2015-02-09 13:54:00,2001,3385,1897,94
2015-02-09 13:55:00,2149,3062,1796,60
2015-02-09 13:56:00,1523,1374,992,37
2015-02-09 13:57:00,2357,2959,2050,63
2015-02-09 13:58:00,2200,2256,2049,32
2015-02-09 13:59:00,2627,2743,2839,22
